{
  "width_pixels": 1080,
  "height_pixels": 2400,
  "x_dpi": 415.635986328125,
  "y_dpi": 417.53399658203125,
  "density": 2.625,
  "density_dpi": 421,
  "screen_size": "normal",
  "smallest_screen_width_dp": 411,
  "device_states": [
    0
  ]
}